"Field code","Section","Question","Type","Required","Sensitivity","External AI","Default application use","Purpose / notes","Help text","Options","Validation","Duplicate code in source"
"SYS-01","00 — Welcome & informed choice","Primary email address","Short answer","Yes","PRIVATE","NO","Operations only","Candidate identity and account communication","Used to identify your profile and send your update link.","","email","NO"
"SYS-02","00 — Welcome & informed choice","Legal first / given name(s)","Short answer","Yes","PRIVATE","LIMITED","Only when an application requires legal name","Candidate identity","","","","NO"
"SYS-03","00 — Welcome & informed choice","Legal surname / family name","Short answer","Yes","PRIVATE","LIMITED","Only when an application requires legal name","Candidate identity","","","","NO"
"CONS-01","00 — Welcome & informed choice","ATG Apply service consent","Checkboxes","Yes","PRIVATE","NO","Never shared","Lawful and transparent service operation","Read the privacy notice before agreeing.","I authorize ATG Apply staff to use the information I provide to prepare career materials and applications under my instructions.","","NO"
"CONS-02","00 — Welcome & informed choice","Accuracy and non-invention rule","Checkboxes","Yes","PRIVATE","NO","Never shared","Candidate protection and factual accuracy","","I understand ATG Apply must not invent qualifications, experience, achievements, dates, eligibility, or other facts on my behalf.","","NO"
"ID-01","01 — Identity, contact & professional presence","Preferred name","Short answer","No","PRIVATE","LIMITED","Applications and communication","Preferred identity","Name ATG Apply and employers should use in ordinary communication.","","","NO"
"ID-02","01 — Identity, contact & professional presence","Professional headline or current title","Short answer","No","CAREER","YES","CV/profile","Professional identity","Example: Data Analyst | Climate Policy Researcher","","","NO"
"ID-03","01 — Identity, contact & professional presence","Pronouns","Multiple choice","No","SENSITIVE","NO","Do not include by default","Respectful communication","Only used if you want them used.","She/her | He/him | They/them | Use my name | Prefer not to say","","NO"
"ID-04","01 — Identity, contact & professional presence","Primary phone number with country code","Short answer","No","PRIVATE","NO","Application contact field","Candidate contact","","","","NO"
"ID-05","01 — Identity, contact & professional presence","WhatsApp / alternative phone","Short answer","No","PRIVATE","NO","Only when instructed","Candidate contact","","","","NO"
"ID-06","01 — Identity, contact & professional presence","Alternative email","Short answer","No","PRIVATE","NO","Only when instructed","Backup contact","","","","NO"
"ID-07","01 — Identity, contact & professional presence","Current city / region","Short answer","No","PRIVATE","LIMITED","Application location","Location eligibility","","","","NO"
"ID-08","01 — Identity, contact & professional presence","Current country","Short answer","No","PRIVATE","LIMITED","Application location","Location eligibility","","","","NO"
"ID-09","01 — Identity, contact & professional presence","Postal code (only if commonly requested in your target market)","Short answer","No","PRIVATE","NO","Application form only","Location screening","","","","NO"
"ID-10","01 — Identity, contact & professional presence","LinkedIn profile URL","Short answer","No","CAREER","YES","Application/profile","Professional presence","","","url","NO"
"ID-11","01 — Identity, contact & professional presence","Portfolio or personal website URL","Short answer","No","CAREER","YES","Application/profile","Work evidence","","","url","NO"
"ID-12","01 — Identity, contact & professional presence","GitHub / GitLab / technical portfolio URL","Short answer","No","CAREER","YES","Relevant applications","Technical evidence","","","url","NO"
"ID-13","01 — Identity, contact & professional presence","Other professional links","Paragraph","No","CAREER","YES","Relevant applications","Additional professional evidence","One per line: platform — URL — what it demonstrates.","","","NO"
"ID-14","01 — Identity, contact & professional presence","Professional photograph policy","Multiple choice","No","SENSITIVE","NO","Never by default","Candidate-controlled image use","A photograph is not needed for most applications.","Never use my photo | Ask me for every application | Use only where customary and lawful | No preference yet","","NO"
"ID-15","01 — Identity, contact & professional presence","Preferred ATG Apply contact channel","Multiple choice","No","PRIVATE","NO","Operations only","Service communication","","Email | WhatsApp | Phone call | SMS","","NO"
"ELIG-01","02 — Work authorization, mobility & availability","Citizenship(s) / nationality or nationalities","Paragraph","No","PRIVATE","NO","Application screening only","Legal eligibility","List each country. This is used for eligibility and sponsorship questions, not CV screening.","","","NO"
"ELIG-02","02 — Work authorization, mobility & availability","Countries where you currently have the unrestricted right to work","Paragraph","No","PRIVATE","NO","Application screening only","Work authorization","Country — basis of work right — expiry if any.","","","NO"
"ELIG-03","02 — Work authorization, mobility & availability","Current visa, residence permit or work permit","Paragraph","No","PRIVATE","NO","Application screening only","Work authorization","Country — permit/stamp/type — expiry month/year — working-hour or employer restrictions.","","","NO"
"ELIG-04","02 — Work authorization, mobility & availability","Will you require employer sponsorship now?","Multiple choice","No","PRIVATE","NO","Application screening only","Sponsorship","","No | Yes | Depends on country / role | Unsure | Prefer not to say","","NO"
"ELIG-05","02 — Work authorization, mobility & availability","Might you require sponsorship in the future?","Multiple choice","No","PRIVATE","NO","Application screening only","Future sponsorship","","No | Yes | Depends on country / role | Unsure | Prefer not to say","","NO"
"ELIG-06","02 — Work authorization, mobility & availability","Do you hold a currently valid passport?","Multiple choice","No","RESTRICTED","NO","Travel eligibility only","International travel readiness","Do not enter the passport number.","Yes | No | Renewal in progress | Prefer not to say","","NO"
"ELIG-07","02 — Work authorization, mobility & availability","Passport issuing country/countries and expiry month/year","Paragraph","No","RESTRICTED","NO","Travel eligibility only","Travel readiness","Do not provide passport numbers or scans.","","","NO"
"MOB-01","02 — Work authorization, mobility & availability","Preferred working arrangements","Checkboxes","No","CAREER","YES","Matching and screening","Work arrangement","","On-site | Hybrid | Fully remote | Field-based | No preference","","NO"
"MOB-02","02 — Work authorization, mobility & availability","Locations you are willing to work in or relocate to","Paragraph","No","CAREER","YES","Matching and screening","Mobility preferences","Countries, cities, regions, or “worldwide.”","","","NO"
"MOB-03","02 — Work authorization, mobility & availability","Locations you do not want","Paragraph","No","PRIVATE","LIMITED","Internal filtering only","Candidate boundaries","","","","NO"
"MOB-04","02 — Work authorization, mobility & availability","Maximum work travel you would accept","Multiple choice","No","CAREER","YES","Screening","Travel preference","","None | Up to 10% | Up to 25% | Up to 50% | More than 50% | Depends on role","","NO"
"MOB-05","02 — Work authorization, mobility & availability","Driving licence(s), vehicle access or transport qualifications","Paragraph","No","PRIVATE","LIMITED","Relevant applications only","Role eligibility","Country — licence class/category — expiry — vehicle access if relevant.","","","NO"
"AVAIL-01","02 — Work authorization, mobility & availability","Earliest possible start date","Short answer","No","PRIVATE","LIMITED","Application screening only","Availability","","","","NO"
"AVAIL-02","02 — Work authorization, mobility & availability","Notice period","Short answer","No","PRIVATE","LIMITED","Application screening only","Availability","Example: immediate, 2 weeks, 1 month.","","","NO"
"AVAIL-03","02 — Work authorization, mobility & availability","Working-time constraints or preferences","Paragraph","No","PRIVATE","NO","Screening only","Availability and lawful scheduling","Full/part time, days/hours, shifts, weekends, time zones, study restrictions, or other limits.","","","NO"
"PREF-01","03 — Career direction & opportunity rules","Target job titles","Paragraph","No","CAREER","YES","Opportunity filtering","Career direction","List exact titles plus close alternatives.","","","NO"
"PREF-02","03 — Career direction & opportunity rules","Target seniority","Checkboxes","No","CAREER","YES","Opportunity filtering","Seniority","","Internship | Apprenticeship | Entry level / graduate | Associate | Mid-level | Senior | Lead | Manager | Head / director | Executive | Consultant / contractor | Academic / research","","NO"
"PREF-03","03 — Career direction & opportunity rules","Target job families","Checkboxes","No","CAREER","YES","Opportunity filtering","Role family","","Administration | AI / machine learning | Communications / media | Consulting / strategy | Customer service | Data / analytics | Design / creative | Education / training | Engineering | Environment / climate / sustainability | Finance / accounting | Healthcare / social care | HR / people | IT / cybersecurity | Legal / compliance | Logistics / procurement | Marketing / growth | Operations / project management | Policy / government | Research / academia | Sales / business development | Software / product | Trades / hospitality / retail | UN / NGO / international development","","NO"
"PREF-04","03 — Career direction & opportunity rules","Target industries, causes or thematic areas","Paragraph","No","CAREER","YES","Opportunity filtering","Sector preferences","Include sectors you know and sectors you want to enter.","","","NO"
"PREF-05","03 — Career direction & opportunity rules","Employment types","Checkboxes","No","CAREER","YES","Opportunity filtering","Contract preference","","Permanent | Fixed-term | Temporary | Internship | Apprenticeship | Consultancy | Freelance | Part-time | Full-time | Volunteer / fellowship","","NO"
"PREF-06","03 — Career direction & opportunity rules","Preferred organisation types","Paragraph","No","CAREER","YES","Opportunity filtering","Employer preference","Examples: start-up, SME, multinational, government, university, UN, NGO, social enterprise.","","","NO"
"PREF-07","03 — Career direction & opportunity rules","Dream organisations or roles","Paragraph","No","CAREER","YES","Internal opportunity planning","Aspirational targets","","","","NO"
"PREF-08","03 — Career direction & opportunity rules","Employers, industries or role types to exclude","Paragraph","No","PRIVATE","NO","Internal filtering only","Candidate boundaries","Include ethical conflicts, competitors, conflicts of interest, or roles you simply do not want.","","","NO"
"PREF-09","03 — Career direction & opportunity rules","Must-have conditions","Paragraph","No","PRIVATE","NO","Internal filtering and approval","Candidate non-negotiables","Examples: visa sponsorship, minimum hours, remote option, accessible workplace, mission alignment.","","","NO"
"PREF-10","03 — Career direction & opportunity rules","Salary / rate expectations","Paragraph","No","PRIVATE","NO","Use only with approval","Compensation screening","Amount or range — currency — hourly/daily/monthly/annual — gross/net if known — negotiability.","","","NO"
"PREF-11","03 — Career direction & opportunity rules","Benefits or conditions that matter","Paragraph","No","PRIVATE","NO","Internal filtering","Total-reward preference","Examples: pension, leave, learning budget, relocation, health cover, flexible work.","","","NO"
"PREF-12","03 — Career direction & opportunity rules","Current job-search urgency","Multiple choice","No","PRIVATE","LIMITED","Operations only","Service prioritisation","","Exploring | Open to the right role | Actively applying | Urgent | Not currently applying","","NO"
"PREF-13","03 — Career direction & opportunity rules","Application volume and timing preference","Paragraph","No","PRIVATE","NO","Operations only","Application workload","How many applications per week/month, and any deadlines or blackout periods.","","","NO"
"PREF-14","03 — Career direction & opportunity rules","Automatic rejection rules","Paragraph","No","PRIVATE","NO","Internal filtering only","Candidate control","Conditions under which ATG Apply should never recommend or prepare a role.","","","NO"
"PREF-15","03 — Career direction & opportunity rules","Roles that require special approval","Paragraph","No","PRIVATE","NO","Internal approval only","Candidate control","Examples: relocation, lower salary, night shifts, politically exposed organisations.","","","NO"
"NARR-01","04 — Professional identity & career narrative","Years of relevant professional experience","Short answer","No","CAREER","YES","CV/application","Experience level","You may give a range.","","","NO"
"NARR-02","04 — Professional identity & career narrative","Your 1–2 sentence professional headline","Paragraph","No","CAREER","YES","CV/profile","Short positioning","Who you are, what you do, and the value you create.","","","NO"
"NARR-03","04 — Professional identity & career narrative","Your 50-word professional summary","Paragraph","No","CAREER","YES","CV/profile","Brief positioning","","","","NO"
"NARR-04","04 — Professional identity & career narrative","Your longer professional biography","Paragraph","No","CAREER","YES","Bio and applications","Long positioning","Around 150–250 words; include your direction and strongest evidence.","","","NO"
"NARR-05","04 — Professional identity & career narrative","Top skills and areas of expertise","Paragraph","No","CAREER","YES","CV/application","Core capability","Rank the strongest first; include years or evidence where possible.","","","NO"
"NARR-06","04 — Professional identity & career narrative","Top five career achievements","Paragraph","No","CAREER","YES","CV/application","Impact evidence","What changed because of your work? Add numbers, scale, scope, time, money, quality or impact.","","","NO"
"NARR-07","04 — Professional identity & career narrative","What makes you different from similar candidates?","Paragraph","No","CAREER","YES","Application narrative","Differentiation","","","","NO"
"NARR-08","04 — Professional identity & career narrative","Career changes, gaps or unusual transitions you may want explained","Paragraph","No","PRIVATE","NO","Use only with approval","Accurate chronology","State only what you are comfortable sharing. ATG Apply will not disclose it by default.","","","NO"
"NARR-09","04 — Professional identity & career narrative","Words, claims or positioning you do not want used","Paragraph","No","PRIVATE","NO","Internal writing rule","Candidate voice and boundaries","","","","NO"
"SCH-01","05 — School, secondary education & early development","School / college name and country","Short answer","No","CAREER","YES","Relevant applications","Secondary education","","","","NO"
"SCH-02","05 — School, secondary education & early development","Qualification, subjects and results","Paragraph","No","CAREER","YES","Relevant applications","Secondary qualification","Qualification — subjects — grades/result — grading scale if useful.","","","NO"
"SCH-03","05 — School, secondary education & early development","Attendance dates","Short answer","No","CAREER","YES","Relevant applications","Education chronology","Month/year to month/year.","","","NO"
"SCH-04","05 — School, secondary education & early development","Leadership and responsibilities at school","Paragraph","No","CAREER","YES","Relevant applications","Early leadership","Examples: prefect, class representative, club leader, house captain.","","","NO"
"SCH-05","05 — School, secondary education & early development","Sports, arts, clubs and competitions","Paragraph","No","CAREER","YES","Relevant applications","Activities and transferable skills","Activity — level — role — result/award — year.","","","NO"
"SCH-06","05 — School, secondary education & early development","School awards, scholarships and certificates","Paragraph","No","CAREER","YES","Relevant applications","Early recognition","","","","NO"
"EDU1-01","06 — Higher education","Education 1 — institution and country","Short answer","No","CAREER","YES","CV/application","Higher education","","","","NO"
"EDU1-02","06 — Higher education","Education 1 — degree, field, specialisation and qualification level","Paragraph","No","CAREER","YES","CV/application","Qualification","","","","NO"
"EDU1-03","06 — Higher education","Education 1 — dates, status and actual/expected graduation date","Short answer","No","CAREER","YES","CV/application","Education chronology","","","","NO"
"EDU1-04","06 — Higher education","Education 1 — grade, GPA, classification, rank and honours","Paragraph","No","CAREER","YES","Relevant applications","Academic performance","Include grading scale where useful.","","","NO"
"EDU1-05","06 — Higher education","Education 1 — thesis, dissertation, capstone or major project","Paragraph","No","CAREER","YES","Relevant applications","Research/project evidence","Title — question/problem — method/technology — result — supervisor if relevant.","","","NO"
"EDU1-06","06 — Higher education","Education 1 — relevant modules, practical training and technical work","Paragraph","No","CAREER","YES","Relevant applications","Course relevance","","","","NO"
"EDU1-07","06 — Higher education","Education 1 — leadership, societies, sports, awards, exchange and scholarships","Paragraph","No","CAREER","YES","Relevant applications","Academic activities","","","","NO"
"EDU2-01","06 — Higher education","Education 2 — institution and country","Short answer","No","CAREER","YES","CV/application","Higher education","","","","NO"
"EDU2-02","06 — Higher education","Education 2 — degree, field, specialisation and qualification level","Paragraph","No","CAREER","YES","CV/application","Qualification","","","","NO"
"EDU2-03","06 — Higher education","Education 2 — dates, status and actual/expected graduation date","Short answer","No","CAREER","YES","CV/application","Education chronology","","","","NO"
"EDU2-04","06 — Higher education","Education 2 — grade, GPA, classification, rank and honours","Paragraph","No","CAREER","YES","Relevant applications","Academic performance","Include grading scale where useful.","","","NO"
"EDU2-05","06 — Higher education","Education 2 — thesis, dissertation, capstone or major project","Paragraph","No","CAREER","YES","Relevant applications","Research/project evidence","Title — question/problem — method/technology — result — supervisor if relevant.","","","NO"
"EDU2-06","06 — Higher education","Education 2 — relevant modules, practical training and technical work","Paragraph","No","CAREER","YES","Relevant applications","Course relevance","","","","NO"
"EDU2-07","06 — Higher education","Education 2 — leadership, societies, sports, awards, exchange and scholarships","Paragraph","No","CAREER","YES","Relevant applications","Academic activities","","","","NO"
"EDU3-01","06 — Higher education","Education 3 — institution and country","Short answer","No","CAREER","YES","CV/application","Higher education","","","","NO"
"EDU3-02","06 — Higher education","Education 3 — degree, field, specialisation and qualification level","Paragraph","No","CAREER","YES","CV/application","Qualification","","","","NO"
"EDU3-03","06 — Higher education","Education 3 — dates, status and actual/expected graduation date","Short answer","No","CAREER","YES","CV/application","Education chronology","","","","NO"
"EDU3-04","06 — Higher education","Education 3 — grade, GPA, classification, rank and honours","Paragraph","No","CAREER","YES","Relevant applications","Academic performance","Include grading scale where useful.","","","NO"
"EDU3-05","06 — Higher education","Education 3 — thesis, dissertation, capstone or major project","Paragraph","No","CAREER","YES","Relevant applications","Research/project evidence","Title — question/problem — method/technology — result — supervisor if relevant.","","","NO"
"EDU3-06","06 — Higher education","Education 3 — relevant modules, practical training and technical work","Paragraph","No","CAREER","YES","Relevant applications","Course relevance","","","","NO"
"EDU3-07","06 — Higher education","Education 3 — leadership, societies, sports, awards, exchange and scholarships","Paragraph","No","CAREER","YES","Relevant applications","Academic activities","","","","NO"
"EDU-X01","06 — Higher education","Additional education history","Paragraph","No","CAREER","YES","Relevant applications","Unlimited education history","For each: institution — qualification — location — dates — result — notable work.","","","NO"
"CRED-01","07 — Certifications, licences, memberships & training","Professional certifications","Paragraph","No","CAREER","YES","Relevant applications","Professional credentials","One per line: certificate — issuer — issue date — expiry — credential ID/link — status.","","","NO"
"CRED-02","07 — Certifications, licences, memberships & training","Professional licences or statutory registrations","Paragraph","No","PRIVATE","LIMITED","Relevant screening only","Regulated-role eligibility","Licence/registration — authority — jurisdiction — number only if safe — expiry — restrictions.","","","NO"
"CRED-03","07 — Certifications, licences, memberships & training","Short courses, workshops and mandatory training","Paragraph","No","CAREER","YES","Relevant applications","Training history","Examples: first aid, safeguarding, food safety, H&S, data protection, project methods.","","","NO"
"CRED-04","07 — Certifications, licences, memberships & training","Professional memberships, fellowships and rosters","Paragraph","No","CAREER","YES","Relevant applications","Professional standing","Organisation — membership level — dates — office/committee role.","","","NO"
"CRED-05","07 — Certifications, licences, memberships & training","Security clearances, background checks or eligibility to obtain them","Paragraph","No","RESTRICTED","NO","Screening only","Clearance eligibility","Do not provide certificates or sensitive details here.","","","NO"
"EXP1-01","08 — Employment history","Experience 1 — employer / organisation","Short answer","No","CAREER","YES","CV/application","Employer","","","","NO"
"EXP1-02","08 — Employment history","Experience 1 — job title(s)","Short answer","No","CAREER","YES","CV/application","Role","Include promotions or acting roles.","","","NO"
"EXP1-03","08 — Employment history","Experience 1 — location, work arrangement and employment type","Paragraph","No","CAREER","YES","CV/application","Employment context","City/country — remote/hybrid/on-site/field — permanent/fixed-term/internship/consultancy/freelance.","","","NO"
"EXP1-04","08 — Employment history","Experience 1 — start and end dates","Short answer","No","CAREER","YES","CV/application","Employment chronology","Month/year to month/year or present.","","","NO"
"EXP1-05","08 — Employment history","Experience 1 — organisation/team context and role purpose","Paragraph","No","CAREER","YES","Application narrative","Role context","What did the organisation/team do, who did you serve, and why did your role exist?","","","NO"
"EXP1-06","08 — Employment history","Experience 1 — responsibilities","Paragraph","No","CAREER","YES","CV/application","Work performed","List distinct responsibilities; include frequency, scope and ownership.","","","NO"
"EXP1-07","08 — Employment history","Experience 1 — achievements and measurable results","Paragraph","No","CAREER","YES","CV/application","Impact evidence","Use numbers: people, users, revenue, savings, budget, geography, volume, speed, quality, reach or risk.","","","NO"
"EXP1-08","08 — Employment history","Experience 1 — team, reporting and leadership scope","Paragraph","No","CAREER","YES","Relevant applications","Leadership scope","Manager/reporting line — team size — direct/indirect reports — people supervised/trained/coordinated.","","","NO"
"EXP1-09","08 — Employment history","Experience 1 — stakeholders, budgets, clients and decision scope","Paragraph","No","CAREER","YES","Relevant applications","Complexity and scale","Internal/external stakeholders — countries — budget/portfolio — vendors — authority.","","","NO"
"EXP1-10","08 — Employment history","Experience 1 — tools, systems, methods and standards used","Paragraph","No","CAREER","YES","Relevant applications","Technical/functional evidence","","","","NO"
"EXP2-01","08 — Employment history","Experience 2 — employer / organisation","Short answer","No","CAREER","YES","CV/application","Employer","","","","NO"
"EXP2-02","08 — Employment history","Experience 2 — job title(s)","Short answer","No","CAREER","YES","CV/application","Role","Include promotions or acting roles.","","","NO"
"EXP2-03","08 — Employment history","Experience 2 — location, work arrangement and employment type","Paragraph","No","CAREER","YES","CV/application","Employment context","City/country — remote/hybrid/on-site/field — permanent/fixed-term/internship/consultancy/freelance.","","","NO"
"EXP2-04","08 — Employment history","Experience 2 — start and end dates","Short answer","No","CAREER","YES","CV/application","Employment chronology","Month/year to month/year or present.","","","NO"
"EXP2-05","08 — Employment history","Experience 2 — organisation/team context and role purpose","Paragraph","No","CAREER","YES","Application narrative","Role context","What did the organisation/team do, who did you serve, and why did your role exist?","","","NO"
"EXP2-06","08 — Employment history","Experience 2 — responsibilities","Paragraph","No","CAREER","YES","CV/application","Work performed","List distinct responsibilities; include frequency, scope and ownership.","","","NO"
"EXP2-07","08 — Employment history","Experience 2 — achievements and measurable results","Paragraph","No","CAREER","YES","CV/application","Impact evidence","Use numbers: people, users, revenue, savings, budget, geography, volume, speed, quality, reach or risk.","","","NO"
"EXP2-08","08 — Employment history","Experience 2 — team, reporting and leadership scope","Paragraph","No","CAREER","YES","Relevant applications","Leadership scope","Manager/reporting line — team size — direct/indirect reports — people supervised/trained/coordinated.","","","NO"
"EXP2-09","08 — Employment history","Experience 2 — stakeholders, budgets, clients and decision scope","Paragraph","No","CAREER","YES","Relevant applications","Complexity and scale","Internal/external stakeholders — countries — budget/portfolio — vendors — authority.","","","NO"
"EXP2-10","08 — Employment history","Experience 2 — tools, systems, methods and standards used","Paragraph","No","CAREER","YES","Relevant applications","Technical/functional evidence","","","","NO"
"EXP3-01","08 — Employment history","Experience 3 — employer / organisation","Short answer","No","CAREER","YES","CV/application","Employer","","","","NO"
"EXP3-02","08 — Employment history","Experience 3 — job title(s)","Short answer","No","CAREER","YES","CV/application","Role","Include promotions or acting roles.","","","NO"
"EXP3-03","08 — Employment history","Experience 3 — location, work arrangement and employment type","Paragraph","No","CAREER","YES","CV/application","Employment context","City/country — remote/hybrid/on-site/field — permanent/fixed-term/internship/consultancy/freelance.","","","NO"
"EXP3-04","08 — Employment history","Experience 3 — start and end dates","Short answer","No","CAREER","YES","CV/application","Employment chronology","Month/year to month/year or present.","","","NO"
"EXP3-05","08 — Employment history","Experience 3 — organisation/team context and role purpose","Paragraph","No","CAREER","YES","Application narrative","Role context","What did the organisation/team do, who did you serve, and why did your role exist?","","","NO"
"EXP3-06","08 — Employment history","Experience 3 — responsibilities","Paragraph","No","CAREER","YES","CV/application","Work performed","List distinct responsibilities; include frequency, scope and ownership.","","","NO"
"EXP3-07","08 — Employment history","Experience 3 — achievements and measurable results","Paragraph","No","CAREER","YES","CV/application","Impact evidence","Use numbers: people, users, revenue, savings, budget, geography, volume, speed, quality, reach or risk.","","","NO"
"EXP3-08","08 — Employment history","Experience 3 — team, reporting and leadership scope","Paragraph","No","CAREER","YES","Relevant applications","Leadership scope","Manager/reporting line — team size — direct/indirect reports — people supervised/trained/coordinated.","","","NO"
"EXP3-09","08 — Employment history","Experience 3 — stakeholders, budgets, clients and decision scope","Paragraph","No","CAREER","YES","Relevant applications","Complexity and scale","Internal/external stakeholders — countries — budget/portfolio — vendors — authority.","","","NO"
"EXP3-10","08 — Employment history","Experience 3 — tools, systems, methods and standards used","Paragraph","No","CAREER","YES","Relevant applications","Technical/functional evidence","","","","NO"
"EXP4-01","08 — Employment history","Experience 4 — employer / organisation","Short answer","No","CAREER","YES","CV/application","Employer","","","","NO"
"EXP4-02","08 — Employment history","Experience 4 — job title(s)","Short answer","No","CAREER","YES","CV/application","Role","Include promotions or acting roles.","","","NO"
"EXP4-03","08 — Employment history","Experience 4 — location, work arrangement and employment type","Paragraph","No","CAREER","YES","CV/application","Employment context","City/country — remote/hybrid/on-site/field — permanent/fixed-term/internship/consultancy/freelance.","","","NO"
"EXP4-04","08 — Employment history","Experience 4 — start and end dates","Short answer","No","CAREER","YES","CV/application","Employment chronology","Month/year to month/year or present.","","","NO"
"EXP4-05","08 — Employment history","Experience 4 — organisation/team context and role purpose","Paragraph","No","CAREER","YES","Application narrative","Role context","What did the organisation/team do, who did you serve, and why did your role exist?","","","NO"
"EXP4-06","08 — Employment history","Experience 4 — responsibilities","Paragraph","No","CAREER","YES","CV/application","Work performed","List distinct responsibilities; include frequency, scope and ownership.","","","NO"
"EXP4-07","08 — Employment history","Experience 4 — achievements and measurable results","Paragraph","No","CAREER","YES","CV/application","Impact evidence","Use numbers: people, users, revenue, savings, budget, geography, volume, speed, quality, reach or risk.","","","NO"
"EXP4-08","08 — Employment history","Experience 4 — team, reporting and leadership scope","Paragraph","No","CAREER","YES","Relevant applications","Leadership scope","Manager/reporting line — team size — direct/indirect reports — people supervised/trained/coordinated.","","","NO"
"EXP4-09","08 — Employment history","Experience 4 — stakeholders, budgets, clients and decision scope","Paragraph","No","CAREER","YES","Relevant applications","Complexity and scale","Internal/external stakeholders — countries — budget/portfolio — vendors — authority.","","","NO"
"EXP4-10","08 — Employment history","Experience 4 — tools, systems, methods and standards used","Paragraph","No","CAREER","YES","Relevant applications","Technical/functional evidence","","","","NO"
"EXP-X01","08 — Employment history","Additional employment history","Paragraph","No","CAREER","YES","Relevant applications","Unlimited employment history","For each extra role: employer — title — location — dates — scope — responsibilities — achievements — tools.","","","NO"
"OTHER-01","09 — Internships, apprenticeships, volunteering & career breaks","Internships, traineeships, placements or apprenticeships","Paragraph","No","CAREER","YES","Relevant applications","Early-career experience","For each: organisation — title — location — dates — responsibilities — achievements — supervisor/team — tools.","","","NO"
"OTHER-02","09 — Internships, apprenticeships, volunteering & career breaks","Volunteering, community work, boards and elected leadership","Paragraph","No","CAREER","YES","Relevant applications","Leadership and service","For each: organisation — role — dates — cause — people led — activities — measurable impact.","","","NO"
"OTHER-03","09 — Internships, apprenticeships, volunteering & career breaks","Freelance work, entrepreneurship, family business or independent practice","Paragraph","No","CAREER","YES","Relevant applications","Independent experience","For each: venture/client — role — dates — offering — clients/users — revenue/scale if comfortable — achievements.","","","NO"
"OTHER-04","09 — Internships, apprenticeships, volunteering & career breaks","Career breaks and non-linear periods","Paragraph","No","PRIVATE","NO","Only with approval","Chronology and fair explanation","Optional: dates — description you prefer — skills/activities during the period — whether ATG Apply may mention it.","","","NO"
"PROJ1-01","10 — Projects, products & portfolio work","Project 1 — name, organisation and date","Short answer","No","CAREER","YES","Relevant applications","Project identity","","","","NO"
"PROJ1-02","10 — Projects, products & portfolio work","Project 1 — problem, goal and users/stakeholders","Paragraph","No","CAREER","YES","Relevant applications","Project context","","","","NO"
"PROJ1-03","10 — Projects, products & portfolio work","Project 1 — your exact role and contribution","Paragraph","No","CAREER","YES","Relevant applications","Personal contribution","Distinguish your work from the team’s work.","","","NO"
"PROJ1-04","10 — Projects, products & portfolio work","Project 1 — process, tools and methods","Paragraph","No","CAREER","YES","Relevant applications","Technical/functional evidence","","","","NO"
"PROJ1-05","10 — Projects, products & portfolio work","Project 1 — output, result and measurable impact","Paragraph","No","CAREER","YES","Relevant applications","Impact evidence","","","","NO"
"PROJ1-06","10 — Projects, products & portfolio work","Project 1 — team size, budget, duration and complexity","Paragraph","No","CAREER","YES","Relevant applications","Scope","","","","NO"
"PROJ1-07","10 — Projects, products & portfolio work","Project 1 — evidence URL","Short answer","No","CAREER","YES","Relevant applications","Project evidence","Demo, repository, report, presentation, media or case study.","","url","NO"
"PROJ2-01","10 — Projects, products & portfolio work","Project 2 — name, organisation and date","Short answer","No","CAREER","YES","Relevant applications","Project identity","","","","NO"
"PROJ2-02","10 — Projects, products & portfolio work","Project 2 — problem, goal and users/stakeholders","Paragraph","No","CAREER","YES","Relevant applications","Project context","","","","NO"
"PROJ2-03","10 — Projects, products & portfolio work","Project 2 — your exact role and contribution","Paragraph","No","CAREER","YES","Relevant applications","Personal contribution","Distinguish your work from the team’s work.","","","NO"
"PROJ2-04","10 — Projects, products & portfolio work","Project 2 — process, tools and methods","Paragraph","No","CAREER","YES","Relevant applications","Technical/functional evidence","","","","NO"
"PROJ2-05","10 — Projects, products & portfolio work","Project 2 — output, result and measurable impact","Paragraph","No","CAREER","YES","Relevant applications","Impact evidence","","","","NO"
"PROJ2-06","10 — Projects, products & portfolio work","Project 2 — team size, budget, duration and complexity","Paragraph","No","CAREER","YES","Relevant applications","Scope","","","","NO"
"PROJ2-07","10 — Projects, products & portfolio work","Project 2 — evidence URL","Short answer","No","CAREER","YES","Relevant applications","Project evidence","Demo, repository, report, presentation, media or case study.","","url","NO"
"PROJ-X01","10 — Projects, products & portfolio work","Additional projects","Paragraph","No","CAREER","YES","Relevant applications","Unlimited project history","One project per paragraph using the same structure above.","","","NO"
"PROJ-X02","10 — Projects, products & portfolio work","Confidential projects or work you cannot name","Paragraph","No","PRIVATE","NO","Human review before use","Confidential evidence","Describe the sector, scale, contribution and outcome without disclosing restricted information.","","","NO"
"RES-01","11 — Research, publications, teaching & public contribution","Publications, reports, articles, policy briefs or patents","Paragraph","No","CAREER","YES","Relevant applications","Published work","Citation/title — authorship role — publisher — date — DOI/URL — key contribution.","","","NO"
"RES-02","11 — Research, publications, teaching & public contribution","Research methods, datasets, fieldwork and ethics experience","Paragraph","No","CAREER","YES","Relevant applications","Research capability","Methods — tools — sample/data scale — countries — ethics/approval — outputs.","","","NO"
"RES-03","11 — Research, publications, teaching & public contribution","Teaching, training, mentoring, supervision and facilitation","Paragraph","No","CAREER","YES","Relevant applications","Knowledge transfer","Audience — subject — format — hours/people — materials — feedback/outcome.","","","NO"
"RES-04","11 — Research, publications, teaching & public contribution","Conferences, panels, speaking, media and presentations","Paragraph","No","CAREER","YES","Relevant applications","Public contribution","Event — role/topic — audience — date — link/result.","","","NO"
"SKILL-01","12 — Skills, tools & languages","Technical skills inventory","Paragraph","No","CAREER","YES","Relevant applications","Technical matching and evidence","Skill — level — years — last used — where used — evidence.","","","NO"
"SKILL-02","12 — Skills, tools & languages","Software, platforms and business systems","Paragraph","No","CAREER","YES","Relevant applications","Tool capability","Examples: office tools, ERP/CRM, GIS, design suites, analytics, ticketing, ATS.","","","NO"
"SKILL-03","12 — Skills, tools & languages","Programming, data, cloud, AI and cybersecurity","Paragraph","No","CAREER","YES","Relevant applications","Digital capability","Languages/frameworks — databases — cloud — DevOps — analytics/ML — security — level/evidence.","","","NO"
"SKILL-04","12 — Skills, tools & languages","Professional and functional skills","Paragraph","No","CAREER","YES","Relevant applications","Functional capability","Examples: policy, finance, procurement, HR, M&E, sales, marketing, case management, lab/clinical.","","","NO"
"SKILL-05","12 — Skills, tools & languages","Management, leadership and delivery methods","Paragraph","No","CAREER","YES","Relevant applications","Delivery capability","Examples: Agile, PRINCE2, PMBOK, Lean, team leadership, budgeting, risk, governance.","","","NO"
"SKILL-06","12 — Skills, tools & languages","Communication, creative and stakeholder skills","Paragraph","No","CAREER","YES","Relevant applications","Communication capability","Writing, presenting, negotiation, facilitation, media, design, multilingual engagement.","","","NO"
"SKILL-07","12 — Skills, tools & languages","Equipment, machinery, laboratory, clinical or trade tools","Paragraph","No","CAREER","YES","Relevant applications","Practical capability","Equipment/tool — competence — licence/training — years — last used.","","","NO"
"SKILL-08","12 — Skills, tools & languages","Standards, regulations and industry frameworks","Paragraph","No","CAREER","YES","Relevant applications","Regulatory knowledge","Examples: ISO, IFRS, GDPR, safeguarding, building codes, clinical or engineering standards.","","","NO"
"LANG-01","12 — Skills, tools & languages","Languages","Paragraph","No","CAREER","YES","Relevant applications","Language ability","For each language: native/learned — speaking — listening — reading — writing — CEFR/other level — professional use.","","","NO"
"LANG-02","12 — Skills, tools & languages","Language tests or certificates","Paragraph","No","CAREER","YES","Relevant applications","Verified language level","Test — language — score/level — date — expiry — certificate/evidence link.","","","NO"
"STORY-01","13 — Achievement & interview story bank","Greatest professional achievement","Paragraph","No","CAREER","YES","Applications and interview preparation","Competency evidence","Situation/Task — Action — Result — lesson — evidence/contact if any.","","","NO"
"STORY-02","13 — Achievement & interview story bank","Leadership or people-management example","Paragraph","No","CAREER","YES","Applications and interview preparation","Competency evidence","Situation/Task — Action — Result — lesson — evidence/contact if any.","","","NO"
"STORY-03","13 — Achievement & interview story bank","Difficult problem you solved","Paragraph","No","CAREER","YES","Applications and interview preparation","Competency evidence","Situation/Task — Action — Result — lesson — evidence/contact if any.","","","NO"
"STORY-04","13 — Achievement & interview story bank","Innovation or improvement you introduced","Paragraph","No","CAREER","YES","Applications and interview preparation","Competency evidence","Situation/Task — Action — Result — lesson — evidence/contact if any.","","","NO"
"STORY-05","13 — Achievement & interview story bank","Teamwork across functions, cultures or organisations","Paragraph","No","CAREER","YES","Applications and interview preparation","Competency evidence","Situation/Task — Action — Result — lesson — evidence/contact if any.","","","NO"
"STORY-06","13 — Achievement & interview story bank","Conflict, disagreement or difficult stakeholder","Paragraph","No","CAREER","YES","Applications and interview preparation","Competency evidence","Situation/Task — Action — Result — lesson — evidence/contact if any.","","","NO"
"STORY-07","13 — Achievement & interview story bank","Failure, mistake or setback and what changed afterward","Paragraph","No","CAREER","YES","Applications and interview preparation","Competency evidence","Situation/Task — Action — Result — lesson — evidence/contact if any.","","","NO"
"STORY-08","13 — Achievement & interview story bank","Pressure, crisis, competing priorities or tight deadline","Paragraph","No","CAREER","YES","Applications and interview preparation","Competency evidence","Situation/Task — Action — Result — lesson — evidence/contact if any.","","","NO"
"STORY-09","13 — Achievement & interview story bank","Ethical judgment, integrity or confidential information","Paragraph","No","CAREER","YES","Applications and interview preparation","Competency evidence","Situation/Task — Action — Result — lesson — evidence/contact if any.","","","NO"
"STORY-10","13 — Achievement & interview story bank","Diversity, inclusion, safeguarding or respectful practice","Paragraph","No","CAREER","YES","Applications and interview preparation","Competency evidence","Situation/Task — Action — Result — lesson — evidence/contact if any.","","","NO"
"STORY-11","13 — Achievement & interview story bank","Customer, beneficiary, client or user impact","Paragraph","No","CAREER","YES","Applications and interview preparation","Competency evidence","Situation/Task — Action — Result — lesson — evidence/contact if any.","","","NO"
"STORY-12","13 — Achievement & interview story bank","Learning something quickly or adapting to major change","Paragraph","No","CAREER","YES","Applications and interview preparation","Competency evidence","Situation/Task — Action — Result — lesson — evidence/contact if any.","","","NO"
"MOT-01","14 — Motivation, values & writing voice","Why do you want to work, and what impact do you want to create?","Paragraph","No","CAREER","YES","Motivation writing","Core motivation","","","","NO"
"MOT-02","14 — Motivation, values & writing voice","Why are you pursuing your target roles?","Paragraph","No","CAREER","YES","Motivation writing","Role motivation","","","","NO"
"MOT-03","14 — Motivation, values & writing voice","Why are you interested in your target sectors or causes?","Paragraph","No","CAREER","YES","Motivation writing","Sector motivation","","","","NO"
"MOT-04","14 — Motivation, values & writing voice","Work values and preferred culture","Paragraph","No","CAREER","YES","Application fit and interviews","Values and culture","What brings out your best work? What environments do not suit you?","","","NO"
"MOT-05","14 — Motivation, values & writing voice","General motivation letter or personal statement","Paragraph","No","CAREER","YES","Voice reference only","Writing sample","Paste a sample written in your natural voice. It may be imperfect; ATG Apply uses it as source material, never as a universal letter.","","","NO"
"MOT-06","14 — Motivation, values & writing voice","Preferred writing style","Paragraph","No","PRIVATE","YES","Internal writing instruction","Candidate voice","Examples: concise, warm, formal, diplomatic, bold, technical, evidence-led. Include phrases you like/dislike.","","","NO"
"MOT-07","14 — Motivation, values & writing voice","Personal story or turning point you may want used","Paragraph","No","PRIVATE","NO","Only with explicit approval","Authentic narrative","State where it may be used and anything that must stay private.","","","NO"
"MOD-01","15 — Role-specific depth modules","Technology, software, data, AI, cyber or engineering","Paragraph","No","CAREER","YES","Relevant applications","Technical depth","Systems built — architecture/stack — users/scale — uptime/performance — deployments — testing — security — code/repository — hardware/standards.","","","NO"
"MOD-02","15 — Role-specific depth modules","UN, NGO, government, diplomacy or international development","Paragraph","No","CAREER","YES","Relevant applications","International/public-sector depth","Thematic areas — countries/duty stations — donors — SDGs — programme cycle — coordination — M&E — humanitarian/development settings — UN grade/roster/index if applicable.","","","NO"
"MOD-03","15 — Role-specific depth modules","Research, academia, policy or laboratory work","Paragraph","No","CAREER","YES","Relevant applications","Research depth","Methods — disciplines — grants — ethics — publications — citations/ORCID — teaching — supervision — peer review — labs/datasets.","","","NO"
"MOD-04","15 — Role-specific depth modules","Finance, accounting, consulting, business or strategy","Paragraph","No","CAREER","YES","Relevant applications","Commercial/strategy depth","Sectors — analysis/models — budgets/P&L — transactions — cases — recommendations — client level — savings/revenue — standards.","","","NO"
"MOD-05","15 — Role-specific depth modules","Sales, partnerships, fundraising or business development","Paragraph","No","CAREER","YES","Relevant applications","Growth depth","Targets — pipeline — deal/donor size — conversion — territories — CRM — proposals — negotiations — revenue/funds raised — relationships.","","","NO"
"MOD-06","15 — Role-specific depth modules","Communications, marketing, media, design or creative work","Paragraph","No","CAREER","YES","Relevant applications","Creative/comms depth","Channels — audiences — campaigns — content volume — reach/growth/conversion — press/media — brand — tools — portfolio — awards.","","","NO"
"MOD-07","15 — Role-specific depth modules","Operations, administration, HR, procurement, logistics or project delivery","Paragraph","No","CAREER","YES","Relevant applications","Operations depth","Processes — volume — SLAs — budgets — vendors — inventory — recruitment/payroll — risk — systems — efficiencies — locations/teams.","","","NO"
"MOD-08","15 — Role-specific depth modules","Healthcare, social care, education or safeguarding","Paragraph","No","SENSITIVE","LIMITED","Human review before use","Regulated people-facing depth","Registration — specialism — patient/student groups — caseload/class size — clinical/teaching hours — outcomes — mandatory training — safeguarding. Do not include identifiable client data.","","","NO"
"MOD-09","15 — Role-specific depth modules","Trades, transport, hospitality, retail, manufacturing or field work","Paragraph","No","CAREER","YES","Relevant applications","Frontline/practical depth","Tickets/licences — machinery — shifts — customer/production volume — quality/safety — stock/cash — route/site — targets — practical achievements.","","","NO"
"REF1-01","16 — References & verification","Reference 1 — name and pronouns/title","Short answer","No","PRIVATE","NO","Never by default","Referee identity","","","","NO"
"REF1-02","16 — References & verification","Reference 1 — organisation, job title and relationship to you","Paragraph","No","PRIVATE","NO","Never by default","Reference relevance","Include when/where you worked together and what they can verify.","","","NO"
"REF1-03","16 — References & verification","Reference 1 — email and phone with country code","Paragraph","No","RESTRICTED","NO","Only with candidate permission","Reference contact","","","","NO"
"REF1-04","16 — References & verification","Reference 1 — permission status","Multiple choice","No","PRIVATE","NO","Candidate-controlled","Consent control","","May share on applications | Ask me before every use | May contact only after interview/offer | Not yet asked | Do not use","","NO"
"REF2-01","16 — References & verification","Reference 2 — name and pronouns/title","Short answer","No","PRIVATE","NO","Never by default","Referee identity","","","","NO"
"REF2-02","16 — References & verification","Reference 2 — organisation, job title and relationship to you","Paragraph","No","PRIVATE","NO","Never by default","Reference relevance","Include when/where you worked together and what they can verify.","","","NO"
"REF2-03","16 — References & verification","Reference 2 — email and phone with country code","Paragraph","No","RESTRICTED","NO","Only with candidate permission","Reference contact","","","","NO"
"REF2-04","16 — References & verification","Reference 2 — permission status","Multiple choice","No","PRIVATE","NO","Candidate-controlled","Consent control","","May share on applications | Ask me before every use | May contact only after interview/offer | Not yet asked | Do not use","","NO"
"REF3-01","16 — References & verification","Reference 3 — name and pronouns/title","Short answer","No","PRIVATE","NO","Never by default","Referee identity","","","","NO"
"REF3-02","16 — References & verification","Reference 3 — organisation, job title and relationship to you","Paragraph","No","PRIVATE","NO","Never by default","Reference relevance","Include when/where you worked together and what they can verify.","","","NO"
"REF3-03","16 — References & verification","Reference 3 — email and phone with country code","Paragraph","No","RESTRICTED","NO","Only with candidate permission","Reference contact","","","","NO"
"REF3-04","16 — References & verification","Reference 3 — permission status","Multiple choice","No","PRIVATE","NO","Candidate-controlled","Consent control","","May share on applications | Ask me before every use | May contact only after interview/offer | Not yet asked | Do not use","","NO"
"REF-X01","16 — References & verification","References 4 and 5 or additional referees","Paragraph","No","RESTRICTED","NO","Candidate-controlled","Additional referees","For each: name — title/organisation — relationship — contact — permission status — roles for which they are strongest.","","","NO"
"REF-X02","16 — References & verification","Reference-selection guidance","Paragraph","No","PRIVATE","NO","Internal use only","Best-reference selection","Which referee fits which job type? Are any unavailable, confidential or unsuitable for certain employers?","","","NO"
"DOC-01","17 — Evidence & document links","Professional photograph link","Short answer","No","SENSITIVE","NO","Only under photo policy","Profile image evidence","Optional. Access should be limited to ATG Apply.","","url","NO"
"DOC-02","17 — Evidence & document links","Degree certificates and transcripts folder link","Short answer","No","PRIVATE","NO","Verification/application only","Academic evidence","","","url","NO"
"DOC-03","17 — Evidence & document links","Professional certificates, licences and training folder link","Short answer","No","PRIVATE","NO","Verification/application only","Credential evidence","","","url","NO"
"DOC-04","17 — Evidence & document links","Portfolio, work samples or writing samples folder link","Short answer","No","CAREER","LIMITED","Relevant applications","Work evidence","","","url","NO"
"DOC-05","17 — Evidence & document links","Reference letters or employment evidence folder link","Short answer","No","RESTRICTED","NO","Only with approval","Employment verification","","","url","NO"
"DOC-06","17 — Evidence & document links","Document notes, expiry dates or access instructions","Paragraph","No","PRIVATE","NO","Internal use only","Evidence management","Do not enter passwords. State what each link contains and when it may be used.","","","NO"
"RULE-01","18 — Application authority, AI boundaries & special questions","Default application approval level","Multiple choice","No","PRIVATE","NO","Operating rule","Candidate control","","Prepare materials, then ask me to approve every application | I may pre-authorise clearly defined roles later | Research opportunities only; do not prepare or submit yet","","NO"
"RULE-02","18 — Application authority, AI boundaries & special questions","May ATG Apply tailor and reorder truthful information for relevance?","Multiple choice","No","PRIVATE","NO","Operating rule","Editing authority","This never permits invention or material exaggeration.","Yes | Ask me first | No","","NO"
"RULE-03","18 — Application authority, AI boundaries & special questions","May ordinary career data be processed by approved AI tools?","Multiple choice","No","PRIVATE","NO","Operating rule","AI choice","Restricted and special-category data must not be sent to external AI.","Yes, with human review | Only de-identified career data | No; human processing only | I need more information","","NO"
"RULE-04","18 — Application authority, AI boundaries & special questions","May irrelevant information be omitted from a job-specific CV?","Multiple choice","No","PRIVATE","NO","Operating rule","Tailoring authority","","Yes | Ask me first | No","","NO"
"RULE-05","18 — Application authority, AI boundaries & special questions","Salary-question rule","Multiple choice","No","PRIVATE","NO","Application screening","Compensation control","","Ask me for every application | Use my stated range | Prefer “negotiable” where allowed | Do not answer unless mandatory","","NO"
"RULE-06","18 — Application authority, AI boundaries & special questions","Reference-sharing rule","Multiple choice","No","PRIVATE","NO","Application screening","Reference control","","Ask me for every application | State “available on request” | Use the individual permissions above | Do not mention references","","NO"
"RULE-07","18 — Application authority, AI boundaries & special questions","Sensitive or demographic questions","Multiple choice","No","SENSITIVE","NO","Just-in-time only","Protected-data control","Race/ethnicity, religion, disability/health, sexuality, political views and similar details are not stored in this master profile.","Ask me only when a specific application legally requests them | I prefer not to answer where optional | Discuss with me before proceeding","","NO"
"RULE-08","18 — Application authority, AI boundaries & special questions","Assessments you are willing or unwilling to complete","Paragraph","No","PRIVATE","NO","Internal screening","Assessment preference","Coding, case study, writing, psychometric, language, video, medical, background or other tests.","","","NO"
"RULE-09","18 — Application authority, AI boundaries & special questions","Application or assessment accommodations","Paragraph","No","SENSITIVE","NO","Only with explicit approval","Equal access","Do not provide medical details. State the practical adjustment and when ATG Apply may disclose it.","","","NO"
"RULE-10","18 — Application authority, AI boundaries & special questions","Potential conflicts or disclosures to discuss privately","Paragraph","No","RESTRICTED","NO","Human review only","Safe escalation","Do not enter criminal-record, medical or highly sensitive details here. Simply request a confidential human review.","","","NO"
"RULE-11","18 — Application authority, AI boundaries & special questions","Previous application answers worth reusing","Paragraph","No","CAREER","YES","Application drafting","Reusable answer bank","Paste strong screening answers, competency statements or employer questions and your truthful answers.","","","NO"
"RULE-12","18 — Application authority, AI boundaries & special questions","Anything else ATG Apply must know before representing you","Paragraph","No","PRIVATE","NO","Internal use only","Catch-all and candidate instruction","","","","NO"
"FINAL-01","19 — Final review & declaration","Information that needs verification or correction","Paragraph","No","PRIVATE","NO","Internal quality control","Verification queue","List uncertain dates, grades, titles, metrics or claims. Do not guess.","","","NO"
"FINAL-02","19 — Final review & declaration","Truthfulness declaration","Checkboxes","Yes","PRIVATE","NO","Never shared","Factual integrity","","To the best of my knowledge, the information I provided is truthful and I have marked uncertainties for review.","","NO"
"FINAL-03","19 — Final review & declaration","Per-application control","Checkboxes","Yes","PRIVATE","NO","Never shared","Candidate control","","I understand that sensitive disclosures, restricted documents, references and final submission remain subject to the approval rules I selected.","","NO"
"FINAL-04","19 — Final review & declaration","Profile review frequency","Multiple choice","No","PRIVATE","NO","Operations only","Data accuracy and freshness","","Remind me every month | Every 3 months | Every 6 months | Only when an application needs an update | Do not remind me","","NO"
